Column,Mean,Median,Maximum
Wifi_D_5G,-50.54761904761905,-50.0,-46
Wifi_D_5G,-44.47619047619048,-44.0,-40
Wifi_D_5G,-50.35,-50.0,-43
Wifi_D_5G,-50.69,-51.0,-44
Wifi_D_5G,-49.56666666666667,-49.0,-48
Wifi_D_5G,-50.13,-50.0,-47
Wifi_D_5G,-49.21,-49.0,-44
Wifi_D_5G,-47.71666666666667,-48.0,-41
Wifi_D_5G,-49.56666666666667,-50.0,-44
Wifi_D_5G,-48.78095238095238,-49.0,-44
Wifi_D_5G,-47.75,-48.0,-38
