Column,Mean,Median,Maximum
Wifi_D,-50.91904761904762,-51.0,-47
Wifi_D,-43.766666666666666,-44.0,-38
Wifi_D,-43.9,-44.0,-38
Wifi_D,-42.57,-43.0,-38
Wifi_D,-46.03333333333333,-46.0,-42
Wifi_D,-45.46,-45.0,-41
Wifi_D,-43.64,-44.0,-40
Wifi_D,-41.61666666666667,-42.0,-38
Wifi_D,-43.46666666666667,-43.0,-40
Wifi_D,-45.73333333333333,-45.0,-40
Wifi_D,-41.13,-41.5,-32
