Column,Mean,Median,Maximum
Wifi_B,-25.25238095238096,-25.0,-21
Wifi_B,-36.2952380952381,-36.0,-33
Wifi_B,-31.383333333333333,-30.0,-26
Wifi_B,-37.13,-37.0,-27
Wifi_B,-31.916666666666668,-32.0,-29
Wifi_B,-31.2,-31.0,-27
Wifi_B,-45.6,-46.0,-38
Wifi_B,-33.5,-33.0,-29
Wifi_B,-38.16666666666666,-38.0,-35
Wifi_B,-25.63809523809524,-25.0,-20
Wifi_B,-28.99,-29.0,-26
