Column,Mean,Median,Maximum
Wifi_A_5G,-46.39523809523809,-46.0,-40
Wifi_A_5G,-48.22380952380952,-48.0,-42
Wifi_A_5G,-50.2,-52.0,-42
Wifi_A_5G,-49.86,-50.0,-45
Wifi_A_5G,-51.56666666666667,-52.0,-46
Wifi_A_5G,-48.85,-49.0,-42
Wifi_A_5G,-51.57,-52.0,-44
Wifi_A_5G,-32.38333333333333,-32.0,-31
Wifi_A_5G,-34.95,-35.0,-34
Wifi_A_5G,-46.27619047619048,-47.0,-31
Wifi_A_5G,-47.85,-47.0,-42
