Column,Mean,Median,Maximum
Wifi_A,-41.77619047619048,-42.0,-39
Wifi_A,-45.06190476190476,-44.0,-38
Wifi_A,-44.16666666666666,-44.0,-41
Wifi_A,-34.86,-35.0,-33
Wifi_A,-39.833333333333336,-40.0,-37
Wifi_A,-37.9,-38.0,-33
Wifi_A,-39.55,-40.0,-35
Wifi_A,-33.9,-34.0,-30
Wifi_A,-21.116666666666667,-21.0,-19
Wifi_A,-38.71428571428572,-38.0,-34
Wifi_A,-45.64,-45.0,-38
