Column,Mean,Median,Maximum
Wifi_C_5G,-50.5,-51.0,-45
Wifi_C_5G,-52.56190476190476,-53.0,-45
Wifi_C_5G,-53.75,-53.0,-50
Wifi_C_5G,-50.66,-51.0,-46
Wifi_C_5G,-49.833333333333336,-50.0,-47
Wifi_C_5G,-53.76,-54.0,-50
Wifi_C_5G,-49.72,-50.0,-45
Wifi_C_5G,-51.2,-51.0,-50
Wifi_C_5G,-53.91666666666666,-53.0,-52
Wifi_C_5G,-54.7952380952381,-55.0,-48
Wifi_C_5G,-47.16,-47.0,-43
