Column,Mean,Median,Maximum
Wifi_B_5G,-49.45238095238095,-50.0,-39
Wifi_B_5G,-49.67142857142857,-49.0,-42
Wifi_B_5G,-47.06666666666667,-47.0,-42
Wifi_B_5G,-45.83,-46.0,-40
Wifi_B_5G,-51.43333333333333,-52.0,-47
Wifi_B_5G,-40.78,-41.0,-39
Wifi_B_5G,-49.73,-50.0,-43
Wifi_B_5G,-47.333333333333336,-47.0,-44
Wifi_B_5G,-50.583333333333336,-51.0,-49
Wifi_B_5G,-33.44285714285714,-33.0,-19
Wifi_B_5G,-37.1,-37.0,-33
