Column,Mean,Median,Maximum
Wifi_C,-39.50952380952381,-39.0,-38
Wifi_C,-42.28095238095238,-42.0,-34
Wifi_C,-43.083333333333336,-43.0,-39
Wifi_C,-45.85,-46.0,-38
Wifi_C,-47.35,-46.0,-42
Wifi_C,-43.43,-43.0,-40
Wifi_C,-37.97,-38.0,-34
Wifi_C,-48.583333333333336,-48.0,-46
Wifi_C,-46.5,-46.0,-41
Wifi_C,-43.68571428571428,-44.0,-38
Wifi_C,-38.41,-38.0,-35
